Date,GrandPrix,Position,Driver,FullName,BestLapTime,Tyre
2025-03-16,Australian Grand Prix,1,NOR,Lando Norris,0 days 00:01:22.167000,HARD
2025-03-16,Australian Grand Prix,2,LAW,Liam Lawson,0 days 00:01:22.970000,MEDIUM
2025-03-16,Australian Grand Prix,3,VER,Max Verstappen,0 days 00:01:23.081000,MEDIUM
2025-03-16,Australian Grand Prix,4,PIA,Oscar Piastri,0 days 00:01:23.242000,HARD
2025-03-16,Australian Grand Prix,5,BOR,Gabriel Bortoleto,0 days 00:01:24.192000,MEDIUM
2025-03-16,Australian Grand Prix,6,TSU,Yuki Tsunoda,0 days 00:01:24.194000,MEDIUM
2025-03-16,Australian Grand Prix,7,HAM,Lewis Hamilton,0 days 00:01:24.218000,HARD
2025-03-16,Australian Grand Prix,8,ALB,Alexander Albon,0 days 00:01:24.597000,MEDIUM
2025-03-16,Australian Grand Prix,9,ANT,Andrea Kimi Antonelli,0 days 00:01:24.901000,HARD
2025-03-16,Australian Grand Prix,10,GAS,Pierre Gasly,0 days 00:01:25.020000,HARD
2025-03-16,Australian Grand Prix,11,RUS,George Russell,0 days 00:01:25.065000,HARD
2025-03-16,Australian Grand Prix,12,HUL,Nico Hulkenberg,0 days 00:01:25.243000,MEDIUM
2025-03-16,Australian Grand Prix,13,LEC,Charles Leclerc,0 days 00:01:25.271000,HARD
2025-03-16,Australian Grand Prix,14,STR,Lance Stroll,0 days 00:01:25.538000,HARD
2025-03-16,Australian Grand Prix,15,OCO,Esteban Ocon,0 days 00:01:26.764000,MEDIUM
2025-03-16,Australian Grand Prix,16,BEA,Oliver Bearman,0 days 00:01:27.603000,MEDIUM
2025-03-16,Australian Grand Prix,17,ALO,Fernando Alonso,0 days 00:01:28.819000,INTERMEDIATE
2025-03-23,Chinese Grand Prix,1,HAM,Lewis Hamilton,0 days 00:01:35.069000,HARD
2025-03-23,Chinese Grand Prix,2,NOR,Lando Norris,0 days 00:01:35.454000,HARD
2025-03-23,Chinese Grand Prix,3,VER,Max Verstappen,0 days 00:01:35.488000,HARD
2025-03-23,Chinese Grand Prix,4,PIA,Oscar Piastri,0 days 00:01:35.520000,HARD
2025-03-23,Chinese Grand Prix,5,OCO,Esteban Ocon,0 days 00:01:35.740000,HARD
2025-03-23,Chinese Grand Prix,6,RUS,George Russell,0 days 00:01:35.816000,HARD
2025-03-23,Chinese Grand Prix,7,HAD,Isack Hadjar,0 days 00:01:35.868000,HARD
2025-03-23,Chinese Grand Prix,8,TSU,Yuki Tsunoda,0 days 00:01:35.871000,MEDIUM
2025-03-23,Chinese Grand Prix,9,BOR,Gabriel Bortoleto,0 days 00:01:35.874000,HARD
2025-03-23,Chinese Grand Prix,10,LAW,Liam Lawson,0 days 00:01:35.985000,HARD
2025-03-23,Chinese Grand Prix,11,STR,Lance Stroll,0 days 00:01:36.044000,MEDIUM
2025-03-23,Chinese Grand Prix,12,ANT,Kimi Antonelli,0 days 00:01:36.046000,HARD
2025-03-23,Chinese Grand Prix,13,LEC,Charles Leclerc,0 days 00:01:36.157000,HARD
2025-03-23,Chinese Grand Prix,14,ALB,Alexander Albon,0 days 00:01:36.254000,HARD
2025-03-23,Chinese Grand Prix,15,BEA,Oliver Bearman,0 days 00:01:36.363000,MEDIUM
2025-03-23,Chinese Grand Prix,16,DOO,Jack Doohan,0 days 00:01:36.424000,HARD
2025-03-23,Chinese Grand Prix,17,GAS,Pierre Gasly,0 days 00:01:36.425000,HARD
2025-03-23,Chinese Grand Prix,18,SAI,Carlos Sainz,0 days 00:01:36.779000,HARD
2025-03-23,Chinese Grand Prix,19,HUL,Nico Hulkenberg,0 days 00:01:37.275000,HARD
2025-03-23,Chinese Grand Prix,20,ALO,Fernando Alonso,0 days 00:01:39.256000,MEDIUM
2025-04-06,Japanese Grand Prix,1,ANT,Kimi Antonelli,0 days 00:01:30.965000,HARD
2025-04-06,Japanese Grand Prix,2,PIA,Oscar Piastri,0 days 00:01:31.039000,HARD
2025-04-06,Japanese Grand Prix,3,VER,Max Verstappen,0 days 00:01:31.041000,HARD
2025-04-06,Japanese Grand Prix,4,SAI,Carlos Sainz,0 days 00:01:31.106000,SOFT
2025-04-06,Japanese Grand Prix,5,NOR,Lando Norris,0 days 00:01:31.116000,HARD
2025-04-06,Japanese Grand Prix,6,ALB,Alexander Albon,0 days 00:01:31.125000,HARD
2025-04-06,Japanese Grand Prix,7,HAD,Isack Hadjar,0 days 00:01:31.317000,HARD
2025-04-06,Japanese Grand Prix,8,RUS,George Russell,0 days 00:01:31.357000,HARD
2025-04-06,Japanese Grand Prix,9,HAM,Lewis Hamilton,0 days 00:01:31.406000,MEDIUM
2025-04-06,Japanese Grand Prix,10,LEC,Charles Leclerc,0 days 00:01:31.469000,HARD
2025-04-06,Japanese Grand Prix,11,ALO,Fernando Alonso,0 days 00:01:31.770000,HARD
2025-04-06,Japanese Grand Prix,12,GAS,Pierre Gasly,0 days 00:01:31.820000,HARD
2025-04-06,Japanese Grand Prix,13,TSU,Yuki Tsunoda,0 days 00:01:31.871000,HARD
2025-04-06,Japanese Grand Prix,14,OCO,Esteban Ocon,0 days 00:01:31.967000,MEDIUM
2025-04-06,Japanese Grand Prix,15,BEA,Oliver Bearman,0 days 00:01:32.006000,HARD
2025-04-06,Japanese Grand Prix,16,BOR,Gabriel Bortoleto,0 days 00:01:32.034000,MEDIUM
2025-04-06,Japanese Grand Prix,17,LAW,Liam Lawson,0 days 00:01:32.043000,SOFT
2025-04-06,Japanese Grand Prix,18,STR,Lance Stroll,0 days 00:01:32.052000,MEDIUM
2025-04-06,Japanese Grand Prix,19,HUL,Nico Hulkenberg,0 days 00:01:32.572000,HARD
2025-04-06,Japanese Grand Prix,20,DOO,Jack Doohan,0 days 00:01:32.685000,HARD
2025-04-13,Bahrain Grand Prix,1,PIA,Oscar Piastri,0 days 00:01:35.140000,MEDIUM
2025-04-13,Bahrain Grand Prix,2,RUS,George Russell,0 days 00:01:35.518000,SOFT
2025-04-13,Bahrain Grand Prix,3,NOR,Lando Norris,0 days 00:01:35.728000,MEDIUM
2025-04-13,Bahrain Grand Prix,4,LEC,Charles Leclerc,0 days 00:01:36.132000,HARD
2025-04-13,Bahrain Grand Prix,5,VER,Max Verstappen,0 days 00:01:36.167000,MEDIUM
2025-04-13,Bahrain Grand Prix,6,HAM,Lewis Hamilton,0 days 00:01:36.235000,HARD
2025-04-13,Bahrain Grand Prix,7,GAS,Pierre Gasly,0 days 00:01:36.531000,HARD
2025-04-13,Bahrain Grand Prix,8,DOO,Jack Doohan,0 days 00:01:36.682000,HARD
2025-04-13,Bahrain Grand Prix,9,ANT,Kimi Antonelli,0 days 00:01:36.690000,SOFT
2025-04-13,Bahrain Grand Prix,10,HAD,Isack Hadjar,0 days 00:01:36.952000,HARD
2025-04-13,Bahrain Grand Prix,11,SAI,Carlos Sainz,0 days 00:01:36.954000,MEDIUM
2025-04-13,Bahrain Grand Prix,12,OCO,Esteban Ocon,0 days 00:01:37.098000,HARD
2025-04-13,Bahrain Grand Prix,13,ALB,Alexander Albon,0 days 00:01:37.141000,MEDIUM
2025-04-13,Bahrain Grand Prix,14,TSU,Yuki Tsunoda,0 days 00:01:37.225000,SOFT
2025-04-13,Bahrain Grand Prix,15,BEA,Oliver Bearman,0 days 00:01:37.303000,SOFT
2025-04-13,Bahrain Grand Prix,16,HUL,Nico Hulkenberg,0 days 00:01:37.338000,MEDIUM
2025-04-13,Bahrain Grand Prix,17,LAW,Liam Lawson,0 days 00:01:37.380000,SOFT
2025-04-13,Bahrain Grand Prix,18,ALO,Fernando Alonso,0 days 00:01:37.906000,HARD
2025-04-13,Bahrain Grand Prix,19,BOR,Gabriel Bortoleto,0 days 00:01:38.006000,MEDIUM
2025-04-13,Bahrain Grand Prix,20,STR,Lance Stroll,0 days 00:01:38.064000,HARD
2025-04-20,Saudi Arabian Grand Prix,1,NOR,Lando Norris,0 days 00:01:31.778000,MEDIUM
2025-04-20,Saudi Arabian Grand Prix,2,LEC,Charles Leclerc,0 days 00:01:32.192000,HARD
2025-04-20,Saudi Arabian Grand Prix,3,PIA,Oscar Piastri,0 days 00:01:32.228000,HARD
2025-04-20,Saudi Arabian Grand Prix,4,VER,Max Verstappen,0 days 00:01:32.280000,HARD
2025-04-20,Saudi Arabian Grand Prix,5,ANT,Kimi Antonelli,0 days 00:01:32.396000,HARD
2025-04-20,Saudi Arabian Grand Prix,6,SAI,Carlos Sainz,0 days 00:01:32.466000,HARD
2025-04-20,Saudi Arabian Grand Prix,7,HAM,Lewis Hamilton,0 days 00:01:32.600000,HARD
2025-04-20,Saudi Arabian Grand Prix,8,STR,Lance Stroll,0 days 00:01:32.745000,MEDIUM
2025-04-20,Saudi Arabian Grand Prix,9,RUS,George Russell,0 days 00:01:32.893000,HARD
2025-04-20,Saudi Arabian Grand Prix,10,LAW,Liam Lawson,0 days 00:01:32.998000,HARD
2025-04-20,Saudi Arabian Grand Prix,11,ALO,Fernando Alonso,0 days 00:01:33.009000,HARD
2025-04-20,Saudi Arabian Grand Prix,12,DOO,Jack Doohan,0 days 00:01:33.150000,HARD
2025-04-20,Saudi Arabian Grand Prix,13,BEA,Oliver Bearman,0 days 00:01:33.238000,HARD
2025-04-20,Saudi Arabian Grand Prix,14,HAD,Isack Hadjar,0 days 00:01:33.257000,MEDIUM
2025-04-20,Saudi Arabian Grand Prix,15,HUL,Nico Hulkenberg,0 days 00:01:33.446000,MEDIUM
2025-04-20,Saudi Arabian Grand Prix,16,ALB,Alexander Albon,0 days 00:01:33.477000,HARD
2025-04-20,Saudi Arabian Grand Prix,17,OCO,Esteban Ocon,0 days 00:01:34.309000,HARD
2025-04-20,Saudi Arabian Grand Prix,18,BOR,Gabriel Bortoleto,0 days 00:01:34.447000,HARD
2025-05-04,Miami Grand Prix,1,NOR,Lando Norris,0 days 00:01:29.746000,HARD
2025-05-04,Miami Grand Prix,2,PIA,Oscar Piastri,0 days 00:01:29.822000,HARD
2025-05-04,Miami Grand Prix,3,RUS,George Russell,0 days 00:01:30.318000,HARD
2025-05-04,Miami Grand Prix,4,LEC,Charles Leclerc,0 days 00:01:30.461000,HARD
2025-05-04,Miami Grand Prix,5,VER,Max Verstappen,0 days 00:01:30.466000,HARD
2025-05-04,Miami Grand Prix,6,ALB,Alexander Albon,0 days 00:01:30.482000,HARD
2025-05-04,Miami Grand Prix,7,HAM,Lewis Hamilton,0 days 00:01:30.562000,MEDIUM
2025-05-04,Miami Grand Prix,8,SAI,Carlos Sainz,0 days 00:01:30.703000,HARD
2025-05-04,Miami Grand Prix,9,ANT,Kimi Antonelli,0 days 00:01:30.795000,MEDIUM
2025-05-04,Miami Grand Prix,10,TSU,Yuki Tsunoda,0 days 00:01:30.964000,HARD
2025-05-04,Miami Grand Prix,11,HAD,Isack Hadjar,0 days 00:01:30.971000,HARD
2025-05-04,Miami Grand Prix,12,HUL,Nico Hulkenberg,0 days 00:01:31.015000,MEDIUM
2025-05-04,Miami Grand Prix,13,OCO,Esteban Ocon,0 days 00:01:31.122000,HARD
2025-05-04,Miami Grand Prix,14,GAS,Pierre Gasly,0 days 00:01:31.159000,MEDIUM
2025-05-04,Miami Grand Prix,15,ALO,Fernando Alonso,0 days 00:01:31.287000,MEDIUM
2025-05-04,Miami Grand Prix,16,STR,Lance Stroll,0 days 00:01:31.769000,HARD
2025-05-04,Miami Grand Prix,17,LAW,Liam Lawson,0 days 00:01:31.770000,HARD
2025-05-04,Miami Grand Prix,18,BOR,Gabriel Bortoleto,0 days 00:01:32.328000,HARD
2025-05-04,Miami Grand Prix,19,BEA,Oliver Bearman,0 days 00:01:32.680000,HARD
2025-05-18,Emilia Romagna Grand Prix,1,VER,Max Verstappen,0 days 00:01:17.988000,HARD
2025-05-18,Emilia Romagna Grand Prix,2,HAM,Lewis Hamilton,0 days 00:01:18.265000,HARD
2025-05-18,Emilia Romagna Grand Prix,3,ALB,Alexander Albon,0 days 00:01:18.289000,HARD
2025-05-18,Emilia Romagna Grand Prix,4,NOR,Lando Norris,0 days 00:01:18.311000,HARD
2025-05-18,Emilia Romagna Grand Prix,5,PIA,Oscar Piastri,0 days 00:01:18.894000,HARD
2025-05-18,Emilia Romagna Grand Prix,6,LEC,Charles Leclerc,0 days 00:01:19.048000,HARD
2025-05-18,Emilia Romagna Grand Prix,7,HAD,Isack Hadjar,0 days 00:01:19.473000,HARD
2025-05-18,Emilia Romagna Grand Prix,8,BEA,Oliver Bearman,0 days 00:01:19.521000,HARD
2025-05-18,Emilia Romagna Grand Prix,9,RUS,George Russell,0 days 00:01:19.733000,HARD
2025-05-18,Emilia Romagna Grand Prix,10,SAI,Carlos Sainz,0 days 00:01:19.836000,HARD
2025-05-18,Emilia Romagna Grand Prix,11,ALO,Fernando Alonso,0 days 00:01:19.894000,MEDIUM
2025-05-18,Emilia Romagna Grand Prix,12,TSU,Yuki Tsunoda,0 days 00:01:20.039000,MEDIUM
2025-05-18,Emilia Romagna Grand Prix,13,COL,Franco Colapinto,0 days 00:01:20.345000,HARD
2025-05-18,Emilia Romagna Grand Prix,14,GAS,Pierre Gasly,0 days 00:01:20.398000,HARD
2025-05-18,Emilia Romagna Grand Prix,15,HUL,Nico Hulkenberg,0 days 00:01:20.401000,MEDIUM
2025-05-18,Emilia Romagna Grand Prix,16,LAW,Liam Lawson,0 days 00:01:20.473000,HARD
2025-05-18,Emilia Romagna Grand Prix,17,STR,Lance Stroll,0 days 00:01:20.501000,MEDIUM
2025-05-18,Emilia Romagna Grand Prix,18,ANT,Kimi Antonelli,0 days 00:01:20.620000,MEDIUM
2025-05-18,Emilia Romagna Grand Prix,19,BOR,Gabriel Bortoleto,0 days 00:01:20.630000,MEDIUM
2025-05-18,Emilia Romagna Grand Prix,20,OCO,Esteban Ocon,0 days 00:01:21.413000,HARD
2025-05-25,Monaco Grand Prix,1,NOR,Lando Norris,0 days 00:01:13.221000,HARD
2025-05-25,Monaco Grand Prix,2,RUS,George Russell,0 days 00:01:13.405000,HARD
2025-05-25,Monaco Grand Prix,3,ANT,Kimi Antonelli,0 days 00:01:13.518000,HARD
2025-05-25,Monaco Grand Prix,4,PIA,Oscar Piastri,0 days 00:01:13.745000,HARD
2025-05-25,Monaco Grand Prix,5,SAI,Carlos Sainz,0 days 00:01:13.988000,MEDIUM
2025-05-25,Monaco Grand Prix,6,LEC,Charles Leclerc,0 days 00:01:14.055000,HARD
2025-05-25,Monaco Grand Prix,7,HAM,Lewis Hamilton,0 days 00:01:14.090000,MEDIUM
2025-05-25,Monaco Grand Prix,8,VER,Max Verstappen,0 days 00:01:14.230000,MEDIUM
2025-05-25,Monaco Grand Prix,9,ALB,Alexander Albon,0 days 00:01:14.597000,HARD
2025-05-25,Monaco Grand Prix,10,BEA,Oliver Bearman,0 days 00:01:14.855000,HARD
2025-05-25,Monaco Grand Prix,11,STR,Lance Stroll,0 days 00:01:14.877000,MEDIUM
2025-05-25,Monaco Grand Prix,12,BOR,Gabriel Bortoleto,0 days 00:01:14.884000,MEDIUM
2025-05-25,Monaco Grand Prix,13,TSU,Yuki Tsunoda,0 days 00:01:14.913000,MEDIUM
2025-05-25,Monaco Grand Prix,14,OCO,Esteban Ocon,0 days 00:01:15.157000,HARD
2025-05-25,Monaco Grand Prix,15,HUL,Nico Hulkenberg,0 days 00:01:15.223000,SOFT
2025-05-25,Monaco Grand Prix,16,COL,Franco Colapinto,0 days 00:01:15.298000,MEDIUM
2025-05-25,Monaco Grand Prix,17,LAW,Liam Lawson,0 days 00:01:15.321000,HARD
2025-05-25,Monaco Grand Prix,18,ALO,Fernando Alonso,0 days 00:01:15.593000,HARD
2025-05-25,Monaco Grand Prix,19,HAD,Isack Hadjar,0 days 00:01:15.981000,SOFT
2025-05-25,Monaco Grand Prix,20,GAS,Pierre Gasly,0 days 00:01:18.054000,MEDIUM
2025-06-01,Spanish Grand Prix,1,PIA,Oscar Piastri,0 days 00:01:15.743000,SOFT
2025-06-01,Spanish Grand Prix,2,NOR,Lando Norris,0 days 00:01:16.187000,SOFT
2025-06-01,Spanish Grand Prix,3,VER,Max Verstappen,0 days 00:01:17.019000,HARD
2025-06-01,Spanish Grand Prix,4,RUS,George Russell,0 days 00:01:17.244000,SOFT
2025-06-01,Spanish Grand Prix,5,LEC,Charles Leclerc,0 days 00:01:17.259000,SOFT
2025-06-01,Spanish Grand Prix,6,HUL,Nico Hulkenberg,0 days 00:01:17.575000,SOFT
2025-06-01,Spanish Grand Prix,7,HAM,Lewis Hamilton,0 days 00:01:17.706000,SOFT
2025-06-01,Spanish Grand Prix,8,HAD,Isack Hadjar,0 days 00:01:17.770000,SOFT
2025-06-01,Spanish Grand Prix,9,GAS,Pierre Gasly,0 days 00:01:17.896000,SOFT
2025-06-01,Spanish Grand Prix,10,TSU,Yuki Tsunoda,0 days 00:01:17.998000,SOFT
2025-06-01,Spanish Grand Prix,11,ALO,Fernando Alonso,0 days 00:01:18.128000,SOFT
2025-06-01,Spanish Grand Prix,12,ANT,Kimi Antonelli,0 days 00:01:18.255000,SOFT
2025-06-01,Spanish Grand Prix,13,BOR,Gabriel Bortoleto,0 days 00:01:18.297000,SOFT
2025-06-01,Spanish Grand Prix,14,COL,Franco Colapinto,0 days 00:01:18.353000,SOFT
2025-06-01,Spanish Grand Prix,15,OCO,Esteban Ocon,0 days 00:01:18.624000,MEDIUM
2025-06-01,Spanish Grand Prix,16,BEA,Oliver Bearman,0 days 00:01:18.907000,SOFT
2025-06-01,Spanish Grand Prix,17,SAI,Carlos Sainz,0 days 00:01:19.317000,SOFT
2025-06-01,Spanish Grand Prix,18,LAW,Liam Lawson,0 days 00:01:19.424000,SOFT
2025-06-01,Spanish Grand Prix,19,ALB,Alexander Albon,0 days 00:01:20.508000,SOFT
2025-06-15,Canadian Grand Prix,1,RUS,George Russell,0 days 00:01:14.119000,HARD
2025-06-15,Canadian Grand Prix,2,NOR,Lando Norris,0 days 00:01:14.229000,HARD
2025-06-15,Canadian Grand Prix,3,PIA,Oscar Piastri,0 days 00:01:14.255000,HARD
2025-06-15,Canadian Grand Prix,4,LEC,Charles Leclerc,0 days 00:01:14.261000,MEDIUM
2025-06-15,Canadian Grand Prix,5,VER,Max Verstappen,0 days 00:01:14.287000,HARD
2025-06-15,Canadian Grand Prix,6,SAI,Carlos Sainz,0 days 00:01:14.389000,MEDIUM
2025-06-15,Canadian Grand Prix,7,ANT,Kimi Antonelli,0 days 00:01:14.455000,HARD
2025-06-15,Canadian Grand Prix,8,OCO,Esteban Ocon,0 days 00:01:14.593000,MEDIUM
2025-06-15,Canadian Grand Prix,9,HAM,Lewis Hamilton,0 days 00:01:14.805000,HARD
2025-06-15,Canadian Grand Prix,10,STR,Lance Stroll,0 days 00:01:14.902000,MEDIUM
2025-06-15,Canadian Grand Prix,11,GAS,Pierre Gasly,0 days 00:01:14.993000,MEDIUM
2025-06-15,Canadian Grand Prix,12,ALO,Fernando Alonso,0 days 00:01:15.024000,HARD
2025-06-15,Canadian Grand Prix,13,TSU,Yuki Tsunoda,0 days 00:01:15.358000,MEDIUM
2025-06-15,Canadian Grand Prix,14,HUL,Nico Hulkenberg,0 days 00:01:15.372000,HARD
2025-06-15,Canadian Grand Prix,15,BEA,Oliver Bearman,0 days 00:01:15.397000,HARD
2025-06-15,Canadian Grand Prix,16,BOR,Gabriel Bortoleto,0 days 00:01:15.414000,MEDIUM
2025-06-15,Canadian Grand Prix,17,COL,Franco Colapinto,0 days 00:01:16.076000,HARD
2025-06-15,Canadian Grand Prix,18,ALB,Alexander Albon,0 days 00:01:16.197000,HARD
2025-06-15,Canadian Grand Prix,19,HAD,Isack Hadjar,0 days 00:01:16.292000,HARD
2025-06-15,Canadian Grand Prix,20,LAW,Liam Lawson,0 days 00:01:16.320000,MEDIUM
2025-06-29,Austrian Grand Prix,1,PIA,Oscar Piastri,0 days 00:01:07.924000,MEDIUM
2025-06-29,Austrian Grand Prix,2,NOR,Lando Norris,0 days 00:01:08.272000,MEDIUM
2025-06-29,Austrian Grand Prix,3,HAM,Lewis Hamilton,0 days 00:01:08.628000,MEDIUM
2025-06-29,Austrian Grand Prix,4,LEC,Charles Leclerc,0 days 00:01:08.765000,MEDIUM
2025-06-29,Austrian Grand Prix,5,STR,Lance Stroll,0 days 00:01:09.214000,SOFT
2025-06-29,Austrian Grand Prix,6,BOR,Gabriel Bortoleto,0 days 00:01:09.247000,HARD
2025-06-29,Austrian Grand Prix,7,RUS,George Russell,0 days 00:01:09.372000,HARD
2025-06-29,Austrian Grand Prix,8,HUL,Nico Hulkenberg,0 days 00:01:09.459000,MEDIUM
2025-06-29,Austrian Grand Prix,9,OCO,Esteban Ocon,0 days 00:01:09.550000,HARD
2025-06-29,Austrian Grand Prix,10,COL,Franco Colapinto,0 days 00:01:09.621000,HARD
2025-06-29,Austrian Grand Prix,11,TSU,Yuki Tsunoda,0 days 00:01:09.802000,SOFT
2025-06-29,Austrian Grand Prix,12,ALO,Fernando Alonso,0 days 00:01:09.935000,HARD
2025-06-29,Austrian Grand Prix,13,BEA,Oliver Bearman,0 days 00:01:09.960000,MEDIUM
2025-06-29,Austrian Grand Prix,14,LAW,Liam Lawson,0 days 00:01:09.977000,HARD
2025-06-29,Austrian Grand Prix,15,GAS,Pierre Gasly,0 days 00:01:10.151000,MEDIUM
2025-06-29,Austrian Grand Prix,16,HAD,Isack Hadjar,0 days 00:01:10.204000,HARD
2025-06-29,Austrian Grand Prix,17,ALB,Alexander Albon,0 days 00:01:10.641000,MEDIUM
2025-07-06,British Grand Prix,1,PIA,Oscar Piastri,0 days 00:01:29.337000,MEDIUM
2025-07-06,British Grand Prix,2,NOR,Lando Norris,0 days 00:01:29.734000,MEDIUM
2025-07-06,British Grand Prix,3,HAM,Lewis Hamilton,0 days 00:01:30.016000,SOFT
2025-07-06,British Grand Prix,4,ALB,Alexander Albon,0 days 00:01:30.047000,MEDIUM
2025-07-06,British Grand Prix,5,VER,Max Verstappen,0 days 00:01:30.179000,MEDIUM
2025-07-06,British Grand Prix,6,ALO,Fernando Alonso,0 days 00:01:30.353000,MEDIUM
2025-07-06,British Grand Prix,7,SAI,Carlos Sainz,0 days 00:01:30.645000,MEDIUM
2025-07-06,British Grand Prix,8,GAS,Pierre Gasly,0 days 00:01:30.751000,MEDIUM
2025-07-06,British Grand Prix,9,OCO,Esteban Ocon,0 days 00:01:30.818000,MEDIUM
2025-07-06,British Grand Prix,10,LEC,Charles Leclerc,0 days 00:01:30.819000,SOFT
2025-07-06,British Grand Prix,11,RUS,George Russell,0 days 00:01:30.869000,HARD
2025-07-06,British Grand Prix,12,TSU,Yuki Tsunoda,0 days 00:01:30.873000,MEDIUM
2025-07-06,British Grand Prix,13,BEA,Oliver Bearman,0 days 00:01:30.921000,MEDIUM
2025-07-06,British Grand Prix,14,HUL,Nico Hulkenberg,0 days 00:01:30.933000,MEDIUM
2025-07-06,British Grand Prix,15,STR,Lance Stroll,0 days 00:01:32.088000,SOFT
2025-07-06,British Grand Prix,16,HAD,Isack Hadjar,0 days 00:01:41.705000,MEDIUM
2025-07-06,British Grand Prix,17,ANT,Kimi Antonelli,0 days 00:01:45.576000,HARD
2025-07-06,British Grand Prix,18,BOR,Gabriel Bortoleto,0 days 00:02:16.121000,MEDIUM
2025-07-27,Belgian Grand Prix,1,ANT,Kimi Antonelli,0 days 00:01:44.861000,None
2025-07-27,Belgian Grand Prix,2,HUL,Nico Hulkenberg,0 days 00:01:45.068000,None
2025-07-27,Belgian Grand Prix,3,NOR,Lando Norris,0 days 00:01:45.257000,HARD
2025-07-27,Belgian Grand Prix,4,PIA,Oscar Piastri,0 days 00:01:45.706000,MEDIUM
2025-07-27,Belgian Grand Prix,5,ALO,Fernando Alonso,0 days 00:01:45.849000,None
2025-07-27,Belgian Grand Prix,6,SAI,Carlos Sainz,0 days 00:01:46.073000,HARD
2025-07-27,Belgian Grand Prix,7,VER,Max Verstappen,0 days 00:01:46.096000,MEDIUM
2025-07-27,Belgian Grand Prix,8,COL,Franco Colapinto,0 days 00:01:46.104000,None
2025-07-27,Belgian Grand Prix,9,LEC,Charles Leclerc,0 days 00:01:46.174000,MEDIUM
2025-07-27,Belgian Grand Prix,10,HAM,Lewis Hamilton,0 days 00:01:46.534000,MEDIUM
2025-07-27,Belgian Grand Prix,11,RUS,George Russell,0 days 00:01:46.566000,MEDIUM
2025-07-27,Belgian Grand Prix,12,LAW,Liam Lawson,0 days 00:01:46.649000,MEDIUM
2025-07-27,Belgian Grand Prix,13,BEA,Oliver Bearman,0 days 00:01:46.709000,MEDIUM
2025-07-27,Belgian Grand Prix,14,OCO,Esteban Ocon,0 days 00:01:46.744000,MEDIUM
2025-07-27,Belgian Grand Prix,15,ALB,Alexander Albon,0 days 00:01:46.813000,MEDIUM
2025-07-27,Belgian Grand Prix,16,BOR,Gabriel Bortoleto,0 days 00:01:46.966000,MEDIUM
2025-07-27,Belgian Grand Prix,17,GAS,Pierre Gasly,0 days 00:01:47.177000,MEDIUM
2025-07-27,Belgian Grand Prix,18,STR,Lance Stroll,0 days 00:01:47.212000,MEDIUM
2025-07-27,Belgian Grand Prix,19,TSU,Yuki Tsunoda,0 days 00:01:47.241000,MEDIUM
2025-07-27,Belgian Grand Prix,20,HAD,Isack Hadjar,0 days 00:01:47.667000,HARD
2025-08-03,Hungarian Grand Prix,1,RUS,George Russell,0 days 00:01:19.409000,HARD
2025-08-03,Hungarian Grand Prix,2,PIA,Oscar Piastri,0 days 00:01:19.412000,HARD
2025-08-03,Hungarian Grand Prix,3,VER,Max Verstappen,0 days 00:01:19.576000,HARD
2025-08-03,Hungarian Grand Prix,4,SAI,Carlos Sainz,0 days 00:01:19.790000,MEDIUM
2025-08-03,Hungarian Grand Prix,5,NOR,Lando Norris,0 days 00:01:19.918000,HARD
2025-08-03,Hungarian Grand Prix,6,HUL,Nico Hulkenberg,0 days 00:01:20.013000,MEDIUM
2025-08-03,Hungarian Grand Prix,7,HAM,Lewis Hamilton,0 days 00:01:20.022000,MEDIUM
2025-08-03,Hungarian Grand Prix,8,ALO,Fernando Alonso,0 days 00:01:20.113000,HARD
2025-08-03,Hungarian Grand Prix,9,LEC,Charles Leclerc,0 days 00:01:20.440000,HARD
2025-08-03,Hungarian Grand Prix,10,LAW,Liam Lawson,0 days 00:01:20.457000,HARD
2025-08-03,Hungarian Grand Prix,11,BOR,Gabriel Bortoleto,0 days 00:01:20.705000,HARD
2025-08-03,Hungarian Grand Prix,12,STR,Lance Stroll,0 days 00:01:20.708000,HARD
2025-08-03,Hungarian Grand Prix,13,ANT,Kimi Antonelli,0 days 00:01:20.745000,HARD
2025-08-03,Hungarian Grand Prix,14,ALB,Alexander Albon,0 days 00:01:20.779000,HARD
2025-08-03,Hungarian Grand Prix,15,HAD,Isack Hadjar,0 days 00:01:20.802000,HARD
2025-08-03,Hungarian Grand Prix,16,COL,Franco Colapinto,0 days 00:01:20.827000,HARD
2025-08-03,Hungarian Grand Prix,17,TSU,Yuki Tsunoda,0 days 00:01:21.180000,HARD
2025-08-03,Hungarian Grand Prix,18,GAS,Pierre Gasly,0 days 00:01:21.433000,MEDIUM
2025-08-03,Hungarian Grand Prix,19,OCO,Esteban Ocon,0 days 00:01:21.916000,HARD
2025-08-03,Hungarian Grand Prix,20,BEA,Oliver Bearman,0 days 00:01:21.989000,HARD
2025-08-31,Dutch Grand Prix,1,PIA,Oscar Piastri,0 days 00:01:12.271000,HARD
2025-08-31,Dutch Grand Prix,2,NOR,Lando Norris,0 days 00:01:12.379000,HARD
2025-08-31,Dutch Grand Prix,3,VER,Max Verstappen,0 days 00:01:12.921000,SOFT
2025-08-31,Dutch Grand Prix,4,COL,Franco Colapinto,0 days 00:01:13.049000,SOFT
2025-08-31,Dutch Grand Prix,5,HAD,Isack Hadjar,0 days 00:01:13.327000,SOFT
2025-08-31,Dutch Grand Prix,6,ANT,Kimi Antonelli,0 days 00:01:13.480000,SOFT
2025-08-31,Dutch Grand Prix,7,ALB,Alexander Albon,0 days 00:01:13.687000,SOFT
2025-08-31,Dutch Grand Prix,8,ALO,Fernando Alonso,0 days 00:01:13.719000,HARD
2025-08-31,Dutch Grand Prix,9,RUS,George Russell,0 days 00:01:13.728000,SOFT
2025-08-31,Dutch Grand Prix,10,SAI,Carlos Sainz,0 days 00:01:13.808000,SOFT
2025-08-31,Dutch Grand Prix,11,STR,Lance Stroll,0 days 00:01:13.822000,HARD
2025-08-31,Dutch Grand Prix,12,LAW,Liam Lawson,0 days 00:01:13.879000,SOFT
2025-08-31,Dutch Grand Prix,13,BEA,Oliver Bearman,0 days 00:01:13.950000,MEDIUM
2025-08-31,Dutch Grand Prix,14,OCO,Esteban Ocon,0 days 00:01:13.986000,MEDIUM
2025-08-31,Dutch Grand Prix,15,BOR,Gabriel Bortoleto,0 days 00:01:14.307000,SOFT
2025-08-31,Dutch Grand Prix,16,TSU,Yuki Tsunoda,0 days 00:01:14.354000,SOFT
2025-08-31,Dutch Grand Prix,17,LEC,Charles Leclerc,0 days 00:01:14.557000,HARD
2025-08-31,Dutch Grand Prix,18,HUL,Nico Hulkenberg,0 days 00:01:14.912000,MEDIUM
2025-08-31,Dutch Grand Prix,19,GAS,Pierre Gasly,0 days 00:01:15.248000,HARD
2025-08-31,Dutch Grand Prix,20,HAM,Lewis Hamilton,0 days 00:01:15.684000,MEDIUM
2025-09-07,Italian Grand Prix,1,NOR,Lando Norris,0 days 00:01:20.901000,SOFT
2025-09-07,Italian Grand Prix,2,VER,Max Verstappen,0 days 00:01:21.003000,HARD
2025-09-07,Italian Grand Prix,3,PIA,Oscar Piastri,0 days 00:01:21.245000,SOFT
2025-09-07,Italian Grand Prix,4,LEC,Charles Leclerc,0 days 00:01:21.294000,HARD
2025-09-07,Italian Grand Prix,5,ALB,Alexander Albon,0 days 00:01:21.368000,MEDIUM
2025-09-07,Italian Grand Prix,6,HAM,Lewis Hamilton,0 days 00:01:21.546000,HARD
2025-09-07,Italian Grand Prix,7,SAI,Carlos Sainz,0 days 00:01:21.740000,HARD
2025-09-07,Italian Grand Prix,8,RUS,George Russell,0 days 00:01:21.800000,HARD
2025-09-07,Italian Grand Prix,9,BEA,Oliver Bearman,0 days 00:01:21.820000,HARD
2025-09-07,Italian Grand Prix,10,ANT,Kimi Antonelli,0 days 00:01:21.968000,HARD
2025-09-07,Italian Grand Prix,11,HAD,Isack Hadjar,0 days 00:01:22.133000,MEDIUM
2025-09-07,Italian Grand Prix,12,BOR,Gabriel Bortoleto,0 days 00:01:22.139000,HARD
2025-09-07,Italian Grand Prix,13,STR,Lance Stroll,0 days 00:01:22.164000,SOFT
2025-09-07,Italian Grand Prix,14,GAS,Pierre Gasly,0 days 00:01:22.185000,SOFT
2025-09-07,Italian Grand Prix,15,COL,Franco Colapinto,0 days 00:01:22.239000,HARD
2025-09-07,Italian Grand Prix,16,TSU,Yuki Tsunoda,0 days 00:01:22.712000,HARD
2025-09-07,Italian Grand Prix,17,LAW,Liam Lawson,0 days 00:01:22.777000,HARD
2025-09-07,Italian Grand Prix,18,OCO,Esteban Ocon,0 days 00:01:22.892000,HARD
2025-09-07,Italian Grand Prix,19,ALO,Fernando Alonso,0 days 00:01:23.757000,HARD
2025-09-21,Azerbaijan Grand Prix,1,VER,Max Verstappen,0 days 00:01:43.388000,MEDIUM
2025-09-21,Azerbaijan Grand Prix,2,RUS,George Russell,0 days 00:01:43.754000,MEDIUM
2025-09-21,Azerbaijan Grand Prix,3,HAD,Isack Hadjar,0 days 00:01:43.884000,HARD
2025-09-21,Azerbaijan Grand Prix,4,SAI,Carlos Sainz,0 days 00:01:43.972000,HARD
2025-09-21,Azerbaijan Grand Prix,5,HAM,Lewis Hamilton,0 days 00:01:43.977000,MEDIUM
2025-09-21,Azerbaijan Grand Prix,6,ANT,Kimi Antonelli,0 days 00:01:44.091000,HARD
2025-09-21,Azerbaijan Grand Prix,7,ALB,Alexander Albon,0 days 00:01:44.152000,HARD
2025-09-21,Azerbaijan Grand Prix,8,NOR,Lando Norris,0 days 00:01:44.155000,HARD
2025-09-21,Azerbaijan Grand Prix,9,LEC,Charles Leclerc,0 days 00:01:44.274000,HARD
2025-09-21,Azerbaijan Grand Prix,10,BEA,Oliver Bearman,0 days 00:01:44.288000,MEDIUM
2025-09-21,Azerbaijan Grand Prix,11,HUL,Nico Hulkenberg,0 days 00:01:44.370000,MEDIUM
2025-09-21,Azerbaijan Grand Prix,12,TSU,Yuki Tsunoda,0 days 00:01:44.434000,MEDIUM
2025-09-21,Azerbaijan Grand Prix,13,LAW,Liam Lawson,0 days 00:01:44.531000,HARD
2025-09-21,Azerbaijan Grand Prix,14,BOR,Gabriel Bortoleto,0 days 00:01:44.930000,MEDIUM
2025-09-21,Azerbaijan Grand Prix,15,ALO,Fernando Alonso,0 days 00:01:45.002000,HARD
2025-09-21,Azerbaijan Grand Prix,16,STR,Lance Stroll,0 days 00:01:45.083000,HARD
2025-09-21,Azerbaijan Grand Prix,17,OCO,Esteban Ocon,0 days 00:01:45.388000,HARD
2025-09-21,Azerbaijan Grand Prix,18,GAS,Pierre Gasly,0 days 00:01:45.492000,MEDIUM
2025-09-21,Azerbaijan Grand Prix,19,COL,Franco Colapinto,0 days 00:01:46.055000,HARD
2025-10-05,Singapore Grand Prix,1,HAM,Lewis Hamilton,0 days 00:01:33.808000,SOFT
2025-10-05,Singapore Grand Prix,2,GAS,Pierre Gasly,0 days 00:01:34.573000,SOFT
2025-10-05,Singapore Grand Prix,3,SAI,Carlos Sainz,0 days 00:01:34.963000,SOFT
2025-10-05,Singapore Grand Prix,4,ANT,Kimi Antonelli,0 days 00:01:35.303000,HARD
2025-10-05,Singapore Grand Prix,5,HUL,Nico Hulkenberg,0 days 00:01:35.404000,SOFT
2025-10-05,Singapore Grand Prix,6,PIA,Oscar Piastri,0 days 00:01:35.408000,HARD
2025-10-05,Singapore Grand Prix,7,NOR,Lando Norris,0 days 00:01:35.555000,HARD
2025-10-05,Singapore Grand Prix,8,LAW,Liam Lawson,0 days 00:01:35.641000,SOFT
2025-10-05,Singapore Grand Prix,9,ALB,Alexander Albon,0 days 00:01:35.648000,SOFT
2025-10-05,Singapore Grand Prix,10,VER,Max Verstappen,0 days 00:01:35.649000,HARD
2025-10-05,Singapore Grand Prix,11,RUS,George Russell,0 days 00:01:35.676000,HARD
2025-10-05,Singapore Grand Prix,12,STR,Lance Stroll,0 days 00:01:35.851000,MEDIUM
2025-10-05,Singapore Grand Prix,13,ALO,Fernando Alonso,0 days 00:01:35.862000,MEDIUM
2025-10-05,Singapore Grand Prix,14,LEC,Charles Leclerc,0 days 00:01:35.983000,HARD
2025-10-05,Singapore Grand Prix,15,BEA,Oliver Bearman,0 days 00:01:36.201000,HARD
2025-10-05,Singapore Grand Prix,16,OCO,Esteban Ocon,0 days 00:01:36.646000,HARD
2025-10-05,Singapore Grand Prix,17,TSU,Yuki Tsunoda,0 days 00:01:36.831000,HARD
2025-10-05,Singapore Grand Prix,18,HAD,Isack Hadjar,0 days 00:01:36.938000,HARD
2025-10-05,Singapore Grand Prix,19,BOR,Gabriel Bortoleto,0 days 00:01:37.126000,HARD
2025-10-05,Singapore Grand Prix,20,COL,Franco Colapinto,0 days 00:01:37.182000,MEDIUM
2025-10-19,United States Grand Prix,1,ANT,Kimi Antonelli,0 days 00:01:37.577000,SOFT
2025-10-19,United States Grand Prix,2,NOR,Lando Norris,0 days 00:01:37.620000,SOFT
2025-10-19,United States Grand Prix,3,VER,Max Verstappen,0 days 00:01:37.991000,SOFT
2025-10-19,United States Grand Prix,4,RUS,George Russell,0 days 00:01:38.224000,SOFT
2025-10-19,United States Grand Prix,5,LEC,Charles Leclerc,0 days 00:01:38.231000,MEDIUM
2025-10-19,United States Grand Prix,6,BOR,Gabriel Bortoleto,0 days 00:01:38.275000,SOFT
2025-10-19,United States Grand Prix,7,ALB,Alexander Albon,0 days 00:01:38.328000,SOFT
2025-10-19,United States Grand Prix,8,HAM,Lewis Hamilton,0 days 00:01:38.361000,SOFT
2025-10-19,United States Grand Prix,9,HUL,Nico Hulkenberg,0 days 00:01:38.372000,SOFT
2025-10-19,United States Grand Prix,10,PIA,Oscar Piastri,0 days 00:01:38.564000,SOFT
2025-10-19,United States Grand Prix,11,HAD,Isack Hadjar,0 days 00:01:38.724000,SOFT
2025-10-19,United States Grand Prix,12,ALO,Fernando Alonso,0 days 00:01:38.789000,SOFT
2025-10-19,United States Grand Prix,13,TSU,Yuki Tsunoda,0 days 00:01:38.803000,SOFT
2025-10-19,United States Grand Prix,14,LAW,Liam Lawson,0 days 00:01:38.983000,SOFT
2025-10-19,United States Grand Prix,15,STR,Lance Stroll,0 days 00:01:39.071000,MEDIUM
2025-10-19,United States Grand Prix,16,BEA,Oliver Bearman,0 days 00:01:39.119000,SOFT
2025-10-19,United States Grand Prix,17,COL,Franco Colapinto,0 days 00:01:39.173000,SOFT
2025-10-19,United States Grand Prix,18,OCO,Esteban Ocon,0 days 00:01:39.263000,MEDIUM
2025-10-19,United States Grand Prix,19,GAS,Pierre Gasly,0 days 00:01:39.270000,SOFT
2025-10-19,United States Grand Prix,20,SAI,Carlos Sainz,0 days 00:01:40.327000,MEDIUM
2025-10-26,Mexico City Grand Prix,1,RUS,George Russell,0 days 00:01:20.052000,SOFT
2025-10-26,Mexico City Grand Prix,2,SAI,Carlos Sainz,0 days 00:01:20.098000,SOFT
2025-10-26,Mexico City Grand Prix,3,PIA,Oscar Piastri,0 days 00:01:20.422000,SOFT
2025-10-26,Mexico City Grand Prix,4,ALB,Alexander Albon,0 days 00:01:20.480000,SOFT
2025-10-26,Mexico City Grand Prix,5,STR,Lance Stroll,0 days 00:01:20.593000,SOFT
2025-10-26,Mexico City Grand Prix,6,HAM,Lewis Hamilton,0 days 00:01:20.601000,SOFT
2025-10-26,Mexico City Grand Prix,7,BEA,Oliver Bearman,0 days 00:01:20.705000,SOFT
2025-10-26,Mexico City Grand Prix,8,NOR,Lando Norris,0 days 00:01:20.764000,MEDIUM
2025-10-26,Mexico City Grand Prix,9,ANT,Kimi Antonelli,0 days 00:01:20.826000,SOFT
2025-10-26,Mexico City Grand Prix,10,VER,Max Verstappen,0 days 00:01:21.108000,SOFT
2025-10-26,Mexico City Grand Prix,11,BOR,Gabriel Bortoleto,0 days 00:01:21.121000,SOFT
2025-10-26,Mexico City Grand Prix,12,COL,Franco Colapinto,0 days 00:01:21.342000,SOFT
2025-10-26,Mexico City Grand Prix,13,TSU,Yuki Tsunoda,0 days 00:01:21.486000,SOFT
2025-10-26,Mexico City Grand Prix,14,LEC,Charles Leclerc,0 days 00:01:21.588000,MEDIUM
2025-10-26,Mexico City Grand Prix,15,ALO,Fernando Alonso,0 days 00:01:21.708000,MEDIUM
2025-10-26,Mexico City Grand Prix,16,HAD,Isack Hadjar,0 days 00:01:21.714000,SOFT
2025-10-26,Mexico City Grand Prix,17,OCO,Esteban Ocon,0 days 00:01:21.869000,MEDIUM
2025-10-26,Mexico City Grand Prix,18,GAS,Pierre Gasly,0 days 00:01:22.271000,SOFT
2025-10-26,Mexico City Grand Prix,19,HUL,Nico Hulkenberg,0 days 00:01:23.091000,SOFT
2025-10-26,Mexico City Grand Prix,20,LAW,Liam Lawson,0 days 00:01:25.124000,HARD
2025-11-09,São Paulo Grand Prix,1,ALB,Alexander Albon,0 days 00:01:12.400000,MEDIUM
2025-11-09,São Paulo Grand Prix,2,VER,Max Verstappen,0 days 00:01:12.447000,SOFT
2025-11-09,São Paulo Grand Prix,3,PIA,Oscar Piastri,0 days 00:01:12.742000,MEDIUM
2025-11-09,São Paulo Grand Prix,4,TSU,Yuki Tsunoda,0 days 00:01:12.774000,MEDIUM
2025-11-09,São Paulo Grand Prix,5,COL,Franco Colapinto,0 days 00:01:12.816000,MEDIUM
2025-11-09,São Paulo Grand Prix,6,NOR,Lando Norris,0 days 00:01:13.040000,MEDIUM
2025-11-09,São Paulo Grand Prix,7,STR,Lance Stroll,0 days 00:01:13.094000,MEDIUM
2025-11-09,São Paulo Grand Prix,8,RUS,George Russell,0 days 00:01:13.097000,MEDIUM
2025-11-09,São Paulo Grand Prix,9,ANT,Kimi Antonelli,0 days 00:01:13.123000,MEDIUM
2025-11-09,São Paulo Grand Prix,10,ALO,Fernando Alonso,0 days 00:01:13.312000,MEDIUM
2025-11-09,São Paulo Grand Prix,11,HUL,Nico Hulkenberg,0 days 00:01:13.474000,SOFT
2025-11-09,São Paulo Grand Prix,12,OCO,Esteban Ocon,0 days 00:01:13.481000,MEDIUM
2025-11-09,São Paulo Grand Prix,13,BEA,Oliver Bearman,0 days 00:01:13.483000,MEDIUM
2025-11-09,São Paulo Grand Prix,14,SAI,Carlos Sainz,0 days 00:01:13.683000,MEDIUM
2025-11-09,São Paulo Grand Prix,15,HAD,Isack Hadjar,0 days 00:01:13.694000,MEDIUM
2025-11-09,São Paulo Grand Prix,16,GAS,Pierre Gasly,0 days 00:01:13.736000,MEDIUM
2025-11-09,São Paulo Grand Prix,17,HAM,Lewis Hamilton,0 days 00:01:13.844000,MEDIUM
2025-11-09,São Paulo Grand Prix,18,LAW,Liam Lawson,0 days 00:01:14.029000,MEDIUM
2025-11-09,São Paulo Grand Prix,19,LEC,Charles Leclerc,0 days 00:01:43.560000,MEDIUM
2025-11-22,Las Vegas Grand Prix,1,VER,Max Verstappen,0 days 00:01:33.365000,HARD
2025-11-22,Las Vegas Grand Prix,2,NOR,Lando Norris,0 days 00:01:33.965000,HARD
2025-11-22,Las Vegas Grand Prix,3,ANT,Kimi Antonelli,0 days 00:01:33.998000,HARD
2025-11-22,Las Vegas Grand Prix,4,PIA,Oscar Piastri,0 days 00:01:34.086000,HARD
2025-11-22,Las Vegas Grand Prix,5,LEC,Charles Leclerc,0 days 00:01:34.304000,HARD
2025-11-22,Las Vegas Grand Prix,6,SAI,Carlos Sainz,0 days 00:01:34.496000,HARD
2025-11-22,Las Vegas Grand Prix,7,BEA,Oliver Bearman,0 days 00:01:34.519000,HARD
2025-11-22,Las Vegas Grand Prix,8,HAM,Lewis Hamilton,0 days 00:01:34.553000,MEDIUM
2025-11-22,Las Vegas Grand Prix,9,OCO,Esteban Ocon,0 days 00:01:34.557000,HARD
2025-11-22,Las Vegas Grand Prix,10,HUL,Nico Hulkenberg,0 days 00:01:34.592000,MEDIUM
2025-11-22,Las Vegas Grand Prix,11,RUS,George Russell,0 days 00:01:34.592000,HARD
2025-11-22,Las Vegas Grand Prix,12,HAD,Isack Hadjar,0 days 00:01:34.620000,HARD
2025-11-22,Las Vegas Grand Prix,13,LAW,Liam Lawson,0 days 00:01:34.837000,HARD
2025-11-22,Las Vegas Grand Prix,14,TSU,Yuki Tsunoda,0 days 00:01:34.967000,MEDIUM
2025-11-22,Las Vegas Grand Prix,15,ALB,Alexander Albon,0 days 00:01:35.184000,HARD
2025-11-22,Las Vegas Grand Prix,16,ALO,Fernando Alonso,0 days 00:01:35.629000,HARD
2025-11-22,Las Vegas Grand Prix,17,GAS,Pierre Gasly,0 days 00:01:35.674000,HARD
2025-11-22,Las Vegas Grand Prix,18,COL,Franco Colapinto,0 days 00:01:35.780000,MEDIUM
2025-11-30,Qatar Grand Prix,1,PIA,Oscar Piastri,0 days 00:01:22.996000,HARD
2025-11-30,Qatar Grand Prix,2,NOR,Lando Norris,0 days 00:01:23.197000,HARD
2025-11-30,Qatar Grand Prix,3,RUS,George Russell,0 days 00:01:23.198000,HARD
2025-11-30,Qatar Grand Prix,4,STR,Lance Stroll,0 days 00:01:23.484000,SOFT
2025-11-30,Qatar Grand Prix,5,VER,Max Verstappen,0 days 00:01:23.498000,HARD
2025-11-30,Qatar Grand Prix,6,SAI,Carlos Sainz,0 days 00:01:23.859000,HARD
2025-11-30,Qatar Grand Prix,7,ALO,Fernando Alonso,0 days 00:01:23.940000,HARD
2025-11-30,Qatar Grand Prix,8,ANT,Kimi Antonelli,0 days 00:01:23.955000,HARD
2025-11-30,Qatar Grand Prix,9,LAW,Liam Lawson,0 days 00:01:23.971000,HARD
2025-11-30,Qatar Grand Prix,10,TSU,Yuki Tsunoda,0 days 00:01:24.139000,HARD
2025-11-30,Qatar Grand Prix,11,ALB,Alexander Albon,0 days 00:01:24.261000,MEDIUM
2025-11-30,Qatar Grand Prix,12,HAD,Isack Hadjar,0 days 00:01:24.317000,HARD
2025-11-30,Qatar Grand Prix,13,LEC,Charles Leclerc,0 days 00:01:24.432000,HARD
2025-11-30,Qatar Grand Prix,14,HAM,Lewis Hamilton,0 days 00:01:24.848000,MEDIUM
2025-11-30,Qatar Grand Prix,15,BEA,Oliver Bearman,0 days 00:01:24.930000,HARD
2025-11-30,Qatar Grand Prix,16,OCO,Esteban Ocon,0 days 00:01:25.056000,HARD
2025-11-30,Qatar Grand Prix,17,BOR,Gabriel Bortoleto,0 days 00:01:25.233000,SOFT
2025-11-30,Qatar Grand Prix,18,GAS,Pierre Gasly,0 days 00:01:25.376000,MEDIUM
2025-11-30,Qatar Grand Prix,19,COL,Franco Colapinto,0 days 00:01:25.644000,MEDIUM
2025-11-30,Qatar Grand Prix,20,HUL,Nico Hulkenberg,0 days 00:01:28.139000,SOFT
2025-12-07,Abu Dhabi Grand Prix,1,LEC,Charles Leclerc,0 days 00:01:26.725000,MEDIUM
2025-12-07,Abu Dhabi Grand Prix,2,PIA,Oscar Piastri,0 days 00:01:26.765000,MEDIUM
2025-12-07,Abu Dhabi Grand Prix,3,NOR,Lando Norris,0 days 00:01:26.818000,HARD
2025-12-07,Abu Dhabi Grand Prix,4,HUL,Nico Hulkenberg,0 days 00:01:27.050000,MEDIUM
2025-12-07,Abu Dhabi Grand Prix,5,VER,Max Verstappen,0 days 00:01:27.625000,HARD
2025-12-07,Abu Dhabi Grand Prix,6,STR,Lance Stroll,0 days 00:01:27.626000,MEDIUM
2025-12-07,Abu Dhabi Grand Prix,7,COL,Franco Colapinto,0 days 00:01:27.710000,MEDIUM
2025-12-07,Abu Dhabi Grand Prix,8,GAS,Pierre Gasly,0 days 00:01:27.767000,MEDIUM
2025-12-07,Abu Dhabi Grand Prix,9,ANT,Kimi Antonelli,0 days 00:01:28.029000,MEDIUM
2025-12-07,Abu Dhabi Grand Prix,10,HAM,Lewis Hamilton,0 days 00:01:28.094000,MEDIUM
2025-12-07,Abu Dhabi Grand Prix,11,ALO,Fernando Alonso,0 days 00:01:28.279000,HARD
2025-12-07,Abu Dhabi Grand Prix,12,ALB,Alexander Albon,0 days 00:01:28.367000,MEDIUM
2025-12-07,Abu Dhabi Grand Prix,13,TSU,Yuki Tsunoda,0 days 00:01:28.557000,MEDIUM
2025-12-07,Abu Dhabi Grand Prix,14,RUS,George Russell,0 days 00:01:28.599000,HARD
2025-12-07,Abu Dhabi Grand Prix,15,OCO,Esteban Ocon,0 days 00:01:28.655000,HARD
2025-12-07,Abu Dhabi Grand Prix,16,LAW,Liam Lawson,0 days 00:01:28.886000,HARD
2025-12-07,Abu Dhabi Grand Prix,17,BEA,Oliver Bearman,0 days 00:01:28.976000,HARD
2025-12-07,Abu Dhabi Grand Prix,18,SAI,Carlos Sainz,0 days 00:01:29.052000,HARD
2025-12-07,Abu Dhabi Grand Prix,19,BOR,Gabriel Bortoleto,0 days 00:01:29.114000,HARD
2025-12-07,Abu Dhabi Grand Prix,20,HAD,Isack Hadjar,0 days 00:01:29.375000,HARD
